﻿<?xml version="1.0" encoding="utf-8"?>
<RoleModel xmlns:xsi="http://www.w3.org/2001/XMLSchema-instance" xmlns:xsd="http://www.w3.org/2001/XMLSchema" name="DemoWorkerRole" version="2.4.6489.2" xmlns="http://schemas.microsoft.com/ServiceHosting/2008/10/ServiceDefinition">
  <Startup>
    <Task commandLine="DiagnosticsAgent.exe" taskType="background" relativePath="plugins\Diagnostics">
      <Environment>
        <Variable name="RdModuleName" value="Diagnostics" />
        <Variable name="WaRoleType" value="WorkerRole" />
      </Environment>
    </Task>
    <Task commandLine="DiagnosticsAgent.exe /blockStartup" relativePath="plugins\Diagnostics">
      <Environment>
        <Variable name="RdModuleName" value="Diagnostics" />
        <Variable name="WaRoleType" value="WorkerRole" />
      </Environment>
    </Task>
  </Startup>
  <Runtime executionContext="elevated">
    <EntryPoint>
      <NetFxEntryPoint assemblyName="DemoWorkerRole.dll" targetFrameworkVersion="v4.0" />
    </EntryPoint>
  </Runtime>
  <ConfigurationSettings>
    <Setting name="ConnectionString" nameSpace="Microsoft.WindowsAzure.Plugins.Diagnostics" />
  </ConfigurationSettings>
  <Properties>
    <Property name="TargetFrameworkVersion" value="v4.5" />
    <Property name="RoleType" value="Worker" />
    <Property name="RoleName" value="DemoWorkerRole" />
    <Property name="ProjectName" value="DemoWorkerRole" />
    <Property name="Configuration" value="Debug" />
    <Property name="Platform" value="AnyCPU" />
    <Property name="RoleTargetFramework" value="v4.5" />
    <Property name="OutputDir" value="C:\Projects\imperugo.github.io\download\imperugo.demo.azure.webapi\imperugo.demo.azure.webapi\obj\Debug\DemoWorkerRole\" />
    <Property name="EntryPoint" value="DemoWorkerRole.dll" />
    <Property name="SourceDir" value="" />
    <Property name="SitePhysicalPath" value="" />
    <Property name="TargetRuntimeVersion" value="v4.0" />
  </Properties>
</RoleModel>